{
  "last_version": "1.11.4",
  "seen_versions": 1,
  "server_starts": 11,
  "prints_started": 66,
  "prints_cancelled": 0,
  "prints_errored": 0,
  "prints_finished": 21,
  "prints_started_per_weekday": {
    "3": 3,
    "4": 12,
    "6": 5,
    "1": 20,
    "2": 16,
    "5": 10
  },
  "print_duration_total": 56502.16894634461,
  "print_duration_cancelled": 0.0,
  "print_duration_errored": 0.0,
  "print_duration_finished": 33885.041345750935,
  "longest_print_duration": 4691.616806014092,
  "longest_print_date": 1765112817,
  "files_uploaded": 34,
  "files_deleted": 31,
  "plugins_installed": 4,
  "plugins_uninstalled": 4,
  "most_plugins": 29,
  "achievements": 12
}