{
  "last_version": "1.11.5",
  "seen_versions": 1,
  "server_starts": 2,
  "prints_started": 16,
  "prints_cancelled": 0,
  "prints_errored": 0,
  "prints_finished": 8,
  "prints_started_per_weekday": {
    "5": 5,
    "6": 7,
    "4": 4
  },
  "print_duration_total": 33486.704296118,
  "print_duration_cancelled": 0.0,
  "print_duration_errored": 0.0,
  "print_duration_finished": 27821.627026060014,
  "longest_print_duration": 6956.626724214992,
  "longest_print_date": 1768126294,
  "files_uploaded": 15,
  "files_deleted": 18,
  "plugins_installed": 0,
  "plugins_uninstalled": 0,
  "most_plugins": 26,
  "achievements": 1
}