{
  "stats": {
    "last_version": "1.11.5",
    "seen_versions": 2,
    "server_starts": 13,
    "prints_started": 82,
    "prints_cancelled": 0,
    "prints_errored": 0,
    "prints_finished": 29,
    "prints_started_per_weekday": {
      "3": 3,
      "4": 16,
      "6": 12,
      "1": 20,
      "2": 16,
      "5": 15
    },
    "print_duration_total": 89988.8732424626,
    "print_duration_cancelled": 0.0,
    "print_duration_errored": 0.0,
    "print_duration_finished": 61706.66837181095,
    "longest_print_duration": 6956.626724214992,
    "longest_print_date": 1768126294,
    "files_uploaded": 49,
    "files_deleted": 49,
    "plugins_installed": 4,
    "plugins_uninstalled": 4,
    "most_plugins": 29,
    "created": 1764185500,
    "created_version": "1.11.4"
  },
  "achievements": {
    "the_wizard": 1764185503,
    "better_safe_than_sorry": 1764256403,
    "one_small_step_for_man": 1764267346,
    "all_beginnings_are_hard": 1764268988,
    "adventurer": 1764276221,
    "early_bird": 1764313066,
    "tgif": 1764313066,
    "one_of_those_days": 1764314359,
    "mass_production": 1764517995,
    "santas_little_helper": 1764659023,
    "the_manufacturer_i": 1764659736,
    "sprint": 1766325391,
    "weekend_warrior": 1768629993
  },
  "state": {
    "date_last_print": "2026-01-17",
    "prints_today": 1,
    "date_last_cancelled_print": "2026-01-17",
    "prints_cancelled_today": 1,
    "consecutive_prints_cancelled_today": 0,
    "file_last_print": "local:name_sign_V2_body_0.2mm_PETG_Geeetech A20 M_57m38s.gcode:1768633129",
    "consecutive_prints_of_same_file": 1,
    "date_last_weekend_print": "2026-01-17",
    "consecutive_weekend_prints": 4
  }
}