[
  {
    "key": "preheathelper",
    "name": "PreHeat Helper",
    "url": "https://github.com/RoboMagus/OctoPrint-PreheatHelper",
    "archive": "https://github.com/RoboMagus/OctoPrint-PreheatHelper/archive/master.zip"
  },
  {
    "key": "bedlevelvisualizer",
    "name": "Bed Visualizer",
    "url": "https://github.com/jneilliii/OctoPrint-BedLevelVisualizer",
    "archive": "https://github.com/jneilliii/OctoPrint-BedLevelVisualizer/archive/master.zip"
  },
  {
    "key": "psucontrol",
    "name": "PSU Control",
    "url": "https://github.com/kantlivelong/OctoPrint-PSUControl",
    "archive": "https://github.com/kantlivelong/OctoPrint-PSUControl/archive/master.zip"
  }
]